{
    "Construction before 2000": 2.024639129638672,
    "Home Value": 1.7627184391021729,
    "Per Capita Income": 1.6252449750900269,
    "Total Population": 1.3916716575622559,
    "Construction after 2000": 1.1256499290466309,
    "Total Households": 1.061592936515808
}