{
    "nyc": {
        "name": "New York City",
        "avg_shade": 15.992794419669183,
        "avg_income": 42687.432214765104,
        "total_pop": 8735992,
        "bounds": [
            -74.258754,
            40.491167,
            -73.700384,
            40.917705
        ],
        "center": [
            40.704436,
            -73.979569
        ]
    },
    "brooklyn": {
        "name": "Brooklyn",
        "avg_shade": 18.284767456327433,
        "avg_income": 39110.269922879175,
        "total_pop": 2712360,
        "bounds": [
            -74.05663,
            40.567048,
            -73.855685,
            40.7394
        ],
        "center": [
            40.653224,
            -73.95615749999999
        ]
    },
    "gowanus": {
        "name": "Gowanus",
        "avg_shade": 20.284917986166654,
        "avg_income": 81575.25925925926,
        "total_pop": 90044,
        "bounds": [
            -73.99776488304373,
            40.67397312303486,
            -73.97982727586435,
            40.6852235692749
        ],
        "center": [
            40.6739015,
            -73.9925535
        ]
    }
}